{
    "accuracy": 0.58125,
    "precision": 0.5876374067239029,
    "recall": 0.58125,
    "f1_score": 0.5834321492419663
}